symbol,weight,as_of
ADANIENT,0.78,2026-07-31
ADANIPORTS,1.12,2026-07-31
APOLLOHOSP,0.83,2026-07-31
ASIANPAINT,1.11,2026-07-31
AXISBANK,3.16,2026-07-31
BAJAJ-AUTO,1.14,2026-07-31
BAJFINANCE,2.74,2026-07-31
BAJAJFINSV,1.05,2026-07-31
BEL,1.24,2026-07-31
BHARTIARTL,5.37,2026-07-31
CIPLA,0.74,2026-07-31
COALINDIA,0.89,2026-07-31
DRREDDY,0.63,2026-07-31
EICHERMOT,0.97,2026-07-31
ETERNAL,1.96,2026-07-31
GRASIM,1.05,2026-07-31
HCLTECH,1.27,2026-07-31
HDFCBANK,10.27,2026-07-31
HDFCLIFE,0.53,2026-07-31
HINDALCO,1.26,2026-07-31
HINDUNILVR,1.67,2026-07-31
ICICIBANK,9.22,2026-07-31
ITC,2.43,2026-07-31
INFY,3.55,2026-07-31
INDIGO,1.05,2026-07-31
JSWSTEEL,1.07,2026-07-31
JIOFIN,0.75,2026-07-31
KOTAKBANK,2.58,2026-07-31
LT,4.13,2026-07-31
M&M,2.72,2026-07-31
MARUTI,1.66,2026-07-31
MAXHEALTH,0.73,2026-07-31
NTPC,1.48,2026-07-31
NESTLEIND,0.97,2026-07-31
ONGC,0.84,2026-07-31
POWERGRID,1.15,2026-07-31
RELIANCE,7.92,2026-07-31
SBILIFE,0.76,2026-07-31
SHRIRAMFIN,1.31,2026-07-31
SBIN,3.81,2026-07-31
SUNPHARMA,1.89,2026-07-31
TCS,2.16,2026-07-31
TATACONSUM,0.63,2026-07-31
TMPV,0.64,2026-07-31
TATASTEEL,1.41,2026-07-31
TECHM,0.94,2026-07-31
TITAN,1.80,2026-07-31
TRENT,0.90,2026-07-31
ULTRACEMCO,1.26,2026-07-31
WIPRO,0.45,2026-07-31
